<?xml version="1.0" encoding="utf-8" standalone="yes" ?>
<rss version="2.0" xmlns:atom="http://www.w3.org/2005/Atom">
  <channel>
    <title>Contacts on Site Title</title>
    <link>https://mpette200.github.io/meph-corporate/contact/</link>
    <description>Recent content in Contacts on Site Title</description>
    <generator>Hugo -- gohugo.io</generator>
    <language>en</language>
    <lastBuildDate>Wed, 15 Jun 2016 22:42:45 +0100</lastBuildDate>
    <atom:link href="https://mpette200.github.io/meph-corporate/contact/index.xml" rel="self" type="application/rss+xml" />
    
    <item>
      <title>mail</title>
      <link>https://mpette200.github.io/meph-corporate/contact/mail/</link>
      <pubDate>Wed, 15 Jun 2016 22:42:45 +0100</pubDate>
      
      <guid>https://mpette200.github.io/meph-corporate/contact/mail/</guid>
      <description></description>
    </item>
    
  </channel>
</rss>