<?xml version="1.0" encoding="utf-8" standalone="yes" ?>
<rss version="2.0" xmlns:atom="http://www.w3.org/2005/Atom">
  <channel>
    <title>Expertises on Site Title</title>
    <link>https://mpette200.github.io/meph-corporate/expertise/</link>
    <description>Recent content in Expertises on Site Title</description>
    <generator>Hugo -- gohugo.io</generator>
    <language>en</language>
    <lastBuildDate>Tue, 14 Jun 2016 21:50:54 +0100</lastBuildDate>
    <atom:link href="https://mpette200.github.io/meph-corporate/expertise/index.xml" rel="self" type="application/rss+xml" />
    
    <item>
      <title>Mechanical</title>
      <link>https://mpette200.github.io/meph-corporate/expertise/mech/</link>
      <pubDate>Tue, 14 Jun 2016 21:50:54 +0100</pubDate>
      
      <guid>https://mpette200.github.io/meph-corporate/expertise/mech/</guid>
      <description>&lt;ul&gt;
&lt;li&gt;HVAC Systems&lt;/li&gt;
&lt;li&gt;Energy Analysis and Feasibility Studies&lt;/li&gt;
&lt;li&gt;Equipment Selection and Liason with Manufacturers&lt;/li&gt;
&lt;li&gt;Pipework and Ductwork Design and Building Integration&lt;/li&gt;
&lt;li&gt;Site Support&lt;/li&gt;
&lt;li&gt;Testing, Witnessing and Commissioning&lt;/li&gt;
&lt;/ul&gt;
</description>
    </item>
    
    <item>
      <title>Electrical</title>
      <link>https://mpette200.github.io/meph-corporate/expertise/elec/</link>
      <pubDate>Tue, 14 Jun 2016 21:50:54 +0100</pubDate>
      
      <guid>https://mpette200.github.io/meph-corporate/expertise/elec/</guid>
      <description>&lt;ul&gt;
&lt;li&gt;Sub-mains and Building Distribution Systems&lt;/li&gt;
&lt;li&gt;Lighting Layouts and Calculations&lt;/li&gt;
&lt;li&gt;Earthing and Lightning Protection&lt;/li&gt;
&lt;li&gt;Security Systems and Access Control&lt;/li&gt;
&lt;li&gt;Data Networks and Structured Cabling&lt;/li&gt;
&lt;li&gt;Containment Design and Building Integration&lt;/li&gt;
&lt;/ul&gt;
</description>
    </item>
    
    <item>
      <title>Public Health</title>
      <link>https://mpette200.github.io/meph-corporate/expertise/ph/</link>
      <pubDate>Tue, 14 Jun 2016 21:50:54 +0100</pubDate>
      
      <guid>https://mpette200.github.io/meph-corporate/expertise/ph/</guid>
      <description>&lt;ul&gt;
&lt;li&gt;Hot and Cold Domestic Water Services&lt;/li&gt;
&lt;li&gt;Above and Below Ground Drainage Design&lt;/li&gt;
&lt;li&gt;Rainwater System Design and Building Integration&lt;/li&gt;
&lt;li&gt;Fire Protection and Sprinkler Systems&lt;/li&gt;
&lt;li&gt;Gaseous Fire Suppression Systems&lt;/li&gt;
&lt;/ul&gt;
</description>
    </item>
    
  </channel>
</rss>