<?xml version="1.0" encoding="utf-8" standalone="yes" ?>
<rss version="2.0" xmlns:atom="http://www.w3.org/2005/Atom">
  <channel>
    <title>HomePages on Site Title</title>
    <link>https://mpette200.github.io/meph-corporate/homepage/</link>
    <description>Recent content in HomePages on Site Title</description>
    <generator>Hugo -- gohugo.io</generator>
    <language>en</language>
    <lastBuildDate>Wed, 01 Jun 2016 23:10:56 +0100</lastBuildDate>
    <atom:link href="https://mpette200.github.io/meph-corporate/homepage/index.xml" rel="self" type="application/rss+xml" />
    
    <item>
      <title>Intro</title>
      <link>https://mpette200.github.io/meph-corporate/homepage/home/</link>
      <pubDate>Wed, 01 Jun 2016 23:10:56 +0100</pubDate>
      
      <guid>https://mpette200.github.io/meph-corporate/homepage/home/</guid>
      <description>

&lt;h3 id=&#34;company-ltd:b9bcf8cb73ce4a081a635ad7c0acd9dd&#34;&gt;Company Ltd&lt;/h3&gt;

&lt;h5 id=&#34;providing-m-e-hvac-expertise-throughout-the-built-environment:b9bcf8cb73ce4a081a635ad7c0acd9dd&#34;&gt;Providing M&amp;amp;E (HVAC) expertise throughout the built environment.&lt;/h5&gt;
</description>
    </item>
    
  </channel>
</rss>